{"name":"build-javascript","namedChunkGroups":{"app":{"name":"app","assets":[{"name":"webpack-runtime-8c12eac8a0477aa8f4fc.js","size":3946},{"name":"framework-b95be77a08359faf350e.js","size":141372},{"name":"styles.42b23df462572f487283.css","size":344640},{"name":"app-dd89670af0730f576c42.js","size":74458}],"filteredAssets":0,"assetsSize":564416,"filteredAuxiliaryAssets":6,"auxiliaryAssetsSize":957220},"component---src-pages-404-js":{"name":"component---src-pages-404-js","assets":[{"name":"component---src-pages-404-js-8a5882abb8d82326f957.js","size":700}],"filteredAssets":0,"assetsSize":700,"filteredAuxiliaryAssets":1,"auxiliaryAssetsSize":1083},"component---src-pages-index-js":{"name":"component---src-pages-index-js","assets":[{"name":"framework-b95be77a08359faf350e.js","size":141372},{"name":"1bfc9850-cdf8f5d3c71d47386d6c.js","size":640},{"name":"component---src-pages-index-js-23170b92b9672c244c2f.js","size":287391}],"filteredAssets":0,"assetsSize":429403,"filteredAuxiliaryAssets":26,"auxiliaryAssetsSize":21621609},"component---src-pages-reusable-js":{"name":"component---src-pages-reusable-js","assets":[{"name":"component---src-pages-reusable-js-459b72648f0701d4198d.js","size":263}],"filteredAssets":0,"assetsSize":263,"filteredAuxiliaryAssets":1,"auxiliaryAssetsSize":9125}},"assetsByChunkName":{"app":["webpack-runtime-8c12eac8a0477aa8f4fc.js","framework-b95be77a08359faf350e.js","styles.42b23df462572f487283.css","app-dd89670af0730f576c42.js"],"component---src-pages-404-js":["component---src-pages-404-js-8a5882abb8d82326f957.js"],"component---src-pages-index-js":["framework-b95be77a08359faf350e.js","1bfc9850-cdf8f5d3c71d47386d6c.js","component---src-pages-index-js-23170b92b9672c244c2f.js"],"component---src-pages-reusable-js":["component---src-pages-reusable-js-459b72648f0701d4198d.js"]},"childAssetsByChunkName":{}}